error,3.0
fail,3.0
fails,3.0
failure,3.0
fault,3.0
crash,3.0
bug,3.0
issue,3.0
segmentation,3.0
exception,3.0
runtimeerror,3.0
undefined,3.0
invalid,3.0
invalidargumenterror,3.0
performance,2.5
slow,2.5
gpu,2.5
gpus,2.5
cuda,2.5
cudnn,2.5
memory,2.5
nan,2.5
leak,2.5
gradient,2.5
optimize,2.5
optimizer,2.5
runtime,2.5
compute,2.5
execution,2.5
training,2.0
train,2.0
model,2.0
models,2.0
dataset,2.0
data,2.0
network,2.0
neural,2.0
ml,2.0
tensorflow,2.0
pytorch,2.0
mxnet,2.0
keras,2.0
theano,2.0
tflite,2.0
accuracy,2.0
classification,2.0
regression,2.0
lstm,2.0
rnn,2.0
cnn,2.0
dropout,2.0
quantization,2.0
onnx,2.0
inference,2.0
prediction,2.0
metrics,2.0
step,2.0
epoch,2.0
compile,1.5
compilation,1.5
importerror,1.5
package,1.5
pip,1.5
install,1.5
installation,1.5
script,1.5
command,1.5
directory,1.5
dependency,1.5
cmake,1.5
bazel,1.5
symbol,1.5
operation,1.5
operator,1.5
ops,1.5
backend,1.5
link,1.5
include,1.5
docker,1.5
ubuntu,1.5
window,1.5
tensorflow,1.5
python,1.5
torch,1.5
jit,1.5
use,1.0
usage,1.0
update,1.0
new,1.0
default,1.0
reference,1.0
define,1.0
enable,1.0
exist,1.0
possible,1.0
properly,1.0
way,1.0
try,1.0
state,1.0
format,1.0
order,1.0
change,1.0
case,1.0
argument,1.0
parameter,1.0
type,1.0
value,1.0
size,1.0
version,1.0
object,1.0
variable,1.0
